{"dim": 65536, "labels": ["L1_hate", "L2_hate", "normal", "offensive"], "targets": ["gender", "age", "race", "religion", "politics", "job", "disability", "individual", "others"], "fine": ["insult", "swear", "obscenity", "threat"], "b_off": -0.6507209539413452, "b_target": [-2.434326171875, -6.057471752166748, -20.0, -2.7372078895568848, -20.0, -2.8171815872192383, -20.0, -0.4341609477996826, -1.0482268333435059], "b_fine": [-20.0, -20.0, -20.0, -20.0], "b_label": [-1.6377874612808228, -2.282989978790283, -0.3367065191268921, -0.6257032752037048], "vocab_file": "vocab.json", "vectorizer": {"type": "CountVectorizer", "analyzer": "char", "ngram_min": 3, "ngram_max": 5, "max_features": 65536, "lowercase": true}}